84822639.cpp,101036360.cpp
84822639.cpp,48762087.cpp
84822639.cpp,117364748.cpp
84822639.cpp,134841308.cpp
84822639.cpp,127473352.cpp
173077807.cpp,101036360.cpp
173077807.cpp,48762087.cpp
173077807.cpp,117364748.cpp
173077807.cpp,134841308.cpp
173077807.cpp,127473352.cpp
101036360.cpp,48762087.cpp
101036360.cpp,84822638.cpp
101036360.cpp,117364748.cpp
101036360.cpp,134841308.cpp
101036360.cpp,127473352.cpp
48762087.cpp,84822638.cpp
48762087.cpp,117364748.cpp
48762087.cpp,134841308.cpp
48762087.cpp,127473352.cpp
84822638.cpp,117364748.cpp
84822638.cpp,134841308.cpp
84822638.cpp,127473352.cpp
117364748.cpp,134841308.cpp
117364748.cpp,127473352.cpp
